vereador	nome_oficial	nome_urna	partido	cidade	ano	votos	status_match	score_nome	arquivo	link
ANA LUCIA DOS SANTOS	ANA LUCIA DOS SANTOS	ANA DO ESPORTE	PSD	ARUJÁ	2024	662	auto_exato_ou_quase	1.0	/Users/geovaniomonteiro/Projetos/Quadrify/mapas-gerados/vereadores_malu_mogi/vereadores_malu_mogi_ana_lucia_dos_santos_aruja_2024.html	https://quadrifysa.github.io/mapasquadrify/mapas-gerados/vereadores_malu_mogi/vereadores_malu_mogi_ana_lucia_dos_santos_aruja_2024.html
CAIO GUILHERME FERREIRA MELO	CAIO GUILHERME FERREIRA MELO	CAIO MÃOS SOLIDÁRIAS	UNIÃO	ARUJÁ	2024	1441	auto_exato_ou_quase	1.0	/Users/geovaniomonteiro/Projetos/Quadrify/mapas-gerados/vereadores_malu_mogi/vereadores_malu_mogi_caio_guilherme_ferreira_melo_aruja_2024.html	https://quadrifysa.github.io/mapasquadrify/mapas-gerados/vereadores_malu_mogi/vereadores_malu_mogi_caio_guilherme_ferreira_melo_aruja_2024.html
CRISTIANE ARAUJO PEDRO DE OLIVEIRA	CRISTIANE ARAUJO PEDRO DE OLIVEIRA	PROFESSORA CRIS	PSD	ARUJÁ	2024	664	auto_exato_ou_quase	1.0	/Users/geovaniomonteiro/Projetos/Quadrify/mapas-gerados/vereadores_malu_mogi/vereadores_malu_mogi_cristiane_araujo_pedro_de_oliveira_aruja_2024.html	https://quadrifysa.github.io/mapasquadrify/mapas-gerados/vereadores_malu_mogi/vereadores_malu_mogi_cristiane_araujo_pedro_de_oliveira_aruja_2024.html
ROBERTO DANIEL DUARTE	ROBERTO DANIEL DUARTE	RENAN DE ARUJA	PODE	ARUJÁ	2024	363	auto_exato_ou_quase	1.0	/Users/geovaniomonteiro/Projetos/Quadrify/mapas-gerados/vereadores_malu_mogi/vereadores_malu_mogi_roberto_daniel_duarte_aruja_2024.html	https://quadrifysa.github.io/mapasquadrify/mapas-gerados/vereadores_malu_mogi/vereadores_malu_mogi_roberto_daniel_duarte_aruja_2024.html
TIAGO SOUZA SANTANA	TIAGO SOUZA SANTANA	TIAGO URSÃO	MDB	ARUJÁ	2024	557	auto_exato_ou_quase	1.0	/Users/geovaniomonteiro/Projetos/Quadrify/mapas-gerados/vereadores_malu_mogi/vereadores_malu_mogi_tiago_souza_santana_aruja_2024.html	https://quadrifysa.github.io/mapasquadrify/mapas-gerados/vereadores_malu_mogi/vereadores_malu_mogi_tiago_souza_santana_aruja_2024.html
CLEITON DA COSTA VIANA	CLEITON DA COSTA VIANA	CLEITINHO	PSB	BIRITIBA MIRIM	2024	168	auto_exato_ou_quase	1.0	/Users/geovaniomonteiro/Projetos/Quadrify/mapas-gerados/vereadores_malu_mogi/vereadores_malu_mogi_cleiton_da_costa_viana_biritiba_mirim_2024.html	https://quadrifysa.github.io/mapasquadrify/mapas-gerados/vereadores_malu_mogi/vereadores_malu_mogi_cleiton_da_costa_viana_biritiba_mirim_2024.html
JUNIEL DA COSTA CAMILO	JUNIEL DA COSTA CAMILO	JUKA	PL	BIRITIBA MIRIM	2024	278	auto_exato_ou_quase	1.0	/Users/geovaniomonteiro/Projetos/Quadrify/mapas-gerados/vereadores_malu_mogi/vereadores_malu_mogi_juniel_da_costa_camilo_biritiba_mirim_2024.html	https://quadrifysa.github.io/mapasquadrify/mapas-gerados/vereadores_malu_mogi/vereadores_malu_mogi_juniel_da_costa_camilo_biritiba_mirim_2024.html
LUCILÉIA DAMASCENA SANTOS	LUCILÉIA DAMASCENA SANTOS	LUCILÉIA DO VALDIVINO	PODE	BIRITIBA MIRIM	2024	404	auto_exato_ou_quase	1.0	/Users/geovaniomonteiro/Projetos/Quadrify/mapas-gerados/vereadores_malu_mogi/vereadores_malu_mogi_lucileia_damascena_santos_biritiba_mirim_2024.html	https://quadrifysa.github.io/mapasquadrify/mapas-gerados/vereadores_malu_mogi/vereadores_malu_mogi_lucileia_damascena_santos_biritiba_mirim_2024.html
MARCOS PAULO DE ALMEIDA	MARCOS PAULO DE ALMEIDA	MARQUINHOS TUCANINHO	PL	BIRITIBA MIRIM	2024	367	auto_exato_ou_quase	1.0	/Users/geovaniomonteiro/Projetos/Quadrify/mapas-gerados/vereadores_malu_mogi/vereadores_malu_mogi_marcos_paulo_de_almeida_biritiba_mirim_2024.html	https://quadrifysa.github.io/mapasquadrify/mapas-gerados/vereadores_malu_mogi/vereadores_malu_mogi_marcos_paulo_de_almeida_biritiba_mirim_2024.html
THÁIS BARROS MOLINA	THÁIS BARROS MOLINA	THÁIS RAPOSINHA	PL	BIRITIBA MIRIM	2024	480	auto_exato_ou_quase	1.0	/Users/geovaniomonteiro/Projetos/Quadrify/mapas-gerados/vereadores_malu_mogi/vereadores_malu_mogi_thais_barros_molina_biritiba_mirim_2024.html	https://quadrifysa.github.io/mapasquadrify/mapas-gerados/vereadores_malu_mogi/vereadores_malu_mogi_thais_barros_molina_biritiba_mirim_2024.html
ANDRÉ LUIZ DE ARAÚJO	ANDRÉ LUIZ DE ARAÚJO	DEDÉ DA VILA	PP	CACHOEIRA PAULISTA	2024	66	revisar_score_medio	0.7692	/Users/geovaniomonteiro/Projetos/Quadrify/mapas-gerados/vereadores_malu_mogi/vereadores_malu_mogi_andre_luiz_de_araujo_cachoeira_paulista_2024.html	https://quadrifysa.github.io/mapasquadrify/mapas-gerados/vereadores_malu_mogi/vereadores_malu_mogi_andre_luiz_de_araujo_cachoeira_paulista_2024.html
CARLOS ALBERTO CLEMENTE BUCHOLZ	CARLOS ALBERTO CLEMENTE BUCHOLZ	CARLINHOS DO GESSO	PODE	CACHOEIRA PAULISTA	2024	259	revisar_score_medio	0.7115	/Users/geovaniomonteiro/Projetos/Quadrify/mapas-gerados/vereadores_malu_mogi/vereadores_malu_mogi_carlos_alberto_clemente_bucholz_cachoeira_paulista_2024.html	https://quadrifysa.github.io/mapasquadrify/mapas-gerados/vereadores_malu_mogi/vereadores_malu_mogi_carlos_alberto_clemente_bucholz_cachoeira_paulista_2024.html
ALEXANDRO SANTOS ALVES SILVA	ALEXANDRO SANTOS ALVES SILVA	TETECO ALEXANDRO	MDB	FERRAZ DE VASCONCELOS	2024	1377	auto_exato_ou_quase	1.0	/Users/geovaniomonteiro/Projetos/Quadrify/mapas-gerados/vereadores_malu_mogi/vereadores_malu_mogi_alexandro_santos_alves_silva_ferraz_de_vasconcelos_2024.html	https://quadrifysa.github.io/mapasquadrify/mapas-gerados/vereadores_malu_mogi/vereadores_malu_mogi_alexandro_santos_alves_silva_ferraz_de_vasconcelos_2024.html
ELIEL DE SOUZA	ELIEL DE SOUZA	ELIEL FOX	REPUBLICANOS	FERRAZ DE VASCONCELOS	2024	1489	auto_exato_ou_quase	1.0	/Users/geovaniomonteiro/Projetos/Quadrify/mapas-gerados/vereadores_malu_mogi/vereadores_malu_mogi_eliel_de_souza_ferraz_de_vasconcelos_2024.html	https://quadrifysa.github.io/mapasquadrify/mapas-gerados/vereadores_malu_mogi/vereadores_malu_mogi_eliel_de_souza_ferraz_de_vasconcelos_2024.html
HODIRLEI MARTINS PEREIRA	HODIRLEI MARTINS PEREIRA	MINEIRO	MDB	FERRAZ DE VASCONCELOS	2024	2372	auto_exato_ou_quase	1.0	/Users/geovaniomonteiro/Projetos/Quadrify/mapas-gerados/vereadores_malu_mogi/vereadores_malu_mogi_hodirlei_martins_pereira_ferraz_de_vasconcelos_2024.html	https://quadrifysa.github.io/mapasquadrify/mapas-gerados/vereadores_malu_mogi/vereadores_malu_mogi_hodirlei_martins_pereira_ferraz_de_vasconcelos_2024.html
JOÃO BATISTA DE SOUSA	JOÃO BATISTA DE SOUSA	JOÃO PDS	AGIR	FERRAZ DE VASCONCELOS	2024	146	revisar_score_medio	0.8182	/Users/geovaniomonteiro/Projetos/Quadrify/mapas-gerados/vereadores_malu_mogi/vereadores_malu_mogi_joao_batista_de_sousa_ferraz_de_vasconcelos_2024.html	https://quadrifysa.github.io/mapasquadrify/mapas-gerados/vereadores_malu_mogi/vereadores_malu_mogi_joao_batista_de_sousa_ferraz_de_vasconcelos_2024.html
RENATO RAMOS DE SOUZA	RENATO RAMOS DE SOUZA	RENATINHO SE LIGUE	PL	FERRAZ DE VASCONCELOS	2024	1575	auto_exato_ou_quase	1.0	/Users/geovaniomonteiro/Projetos/Quadrify/mapas-gerados/vereadores_malu_mogi/vereadores_malu_mogi_renato_ramos_de_souza_ferraz_de_vasconcelos_2024.html	https://quadrifysa.github.io/mapasquadrify/mapas-gerados/vereadores_malu_mogi/vereadores_malu_mogi_renato_ramos_de_souza_ferraz_de_vasconcelos_2024.html
ANDRÉ APARECIDO ALVES DE ARAUJO	ANDRÉ APARECIDO ALVES DE ARAUJO	ANDRÉ ARAUJO	PL	GUARAREMA	2024	682	auto_exato_ou_quase	1.0	/Users/geovaniomonteiro/Projetos/Quadrify/mapas-gerados/vereadores_malu_mogi/vereadores_malu_mogi_andre_aparecido_alves_de_araujo_guararema_2024.html	https://quadrifysa.github.io/mapasquadrify/mapas-gerados/vereadores_malu_mogi/vereadores_malu_mogi_andre_aparecido_alves_de_araujo_guararema_2024.html
MARIA DE FATIMA SOARES PEREIRA DE SOUZA	MARIA DE FATIMA SOARES PEREIRA DE SOUZA	FATINHA SOARES	AGIR	GUARAREMA	2024	598	auto_exato_ou_quase	1.0	/Users/geovaniomonteiro/Projetos/Quadrify/mapas-gerados/vereadores_malu_mogi/vereadores_malu_mogi_maria_de_fatima_soares_pereira_de_souza_guararema_2024.html	https://quadrifysa.github.io/mapasquadrify/mapas-gerados/vereadores_malu_mogi/vereadores_malu_mogi_maria_de_fatima_soares_pereira_de_souza_guararema_2024.html
VANESSA MARTINS DOS SANTOS	VANESSA MARTINS DOS SANTOS	VANESSA MARTINS	AGIR	GUARAREMA	2024	622	auto_exato_ou_quase	1.0	/Users/geovaniomonteiro/Projetos/Quadrify/mapas-gerados/vereadores_malu_mogi/vereadores_malu_mogi_vanessa_martins_dos_santos_guararema_2024.html	https://quadrifysa.github.io/mapasquadrify/mapas-gerados/vereadores_malu_mogi/vereadores_malu_mogi_vanessa_martins_dos_santos_guararema_2024.html
GUILHERME RAFAEL DOS SANTOS JUNQUEIRA REIS	GUILHERME RAFAEL DOS SANTOS JUNQUEIRA REIS	GUILHERME JUNQUEIRA	PMB	GUARATINGUETÁ	2024	10	revisar_score_medio	0.7157	/Users/geovaniomonteiro/Projetos/Quadrify/mapas-gerados/vereadores_malu_mogi/vereadores_malu_mogi_guilherme_rafael_dos_santos_junqueira_reis_guaratingueta_2024.html	https://quadrifysa.github.io/mapasquadrify/mapas-gerados/vereadores_malu_mogi/vereadores_malu_mogi_guilherme_rafael_dos_santos_junqueira_reis_guaratingueta_2024.html
MARCELO AUGUSTO DE ASSIS	MARCELO AUGUSTO DE ASSIS	MARCELO DA SANTA CASA	PSD	GUARATINGUETÁ	2024	1546	auto_exato_ou_quase	1.0	/Users/geovaniomonteiro/Projetos/Quadrify/mapas-gerados/vereadores_malu_mogi/vereadores_malu_mogi_marcelo_augusto_de_assis_guaratingueta_2024.html	https://quadrifysa.github.io/mapasquadrify/mapas-gerados/vereadores_malu_mogi/vereadores_malu_mogi_marcelo_augusto_de_assis_guaratingueta_2024.html
MARCIO DE OLIVEIRA ALMEIDA	MARCIO DE OLIVEIRA ALMEIDA	MARCIO ALMEIDA	PL	GUARATINGUETÁ	2024	2792	auto_exato_ou_quase	1.0	/Users/geovaniomonteiro/Projetos/Quadrify/mapas-gerados/vereadores_malu_mogi/vereadores_malu_mogi_marcio_de_oliveira_almeida_guaratingueta_2024.html	https://quadrifysa.github.io/mapasquadrify/mapas-gerados/vereadores_malu_mogi/vereadores_malu_mogi_marcio_de_oliveira_almeida_guaratingueta_2024.html
PEDRO SANNINI ANDRADE DOS SANTOS	PEDRO SANNINI ANDRADE DOS SANTOS	PEDRO SANNINI	PL	GUARATINGUETÁ	2024	1681	auto_exato_ou_quase	1.0	/Users/geovaniomonteiro/Projetos/Quadrify/mapas-gerados/vereadores_malu_mogi/vereadores_malu_mogi_pedro_sannini_andrade_dos_santos_guaratingueta_2024.html	https://quadrifysa.github.io/mapasquadrify/mapas-gerados/vereadores_malu_mogi/vereadores_malu_mogi_pedro_sannini_andrade_dos_santos_guaratingueta_2024.html
ROSALICE GALVÃO FILIPPO FERNANDES	ROSALICE GALVÃO FILIPPO FERNANDES	ROSA FILIPPO	PSD	GUARATINGUETÁ	2024	692	auto_exato_ou_quase	1.0	/Users/geovaniomonteiro/Projetos/Quadrify/mapas-gerados/vereadores_malu_mogi/vereadores_malu_mogi_rosalice_galvao_filippo_fernandes_guaratingueta_2024.html	https://quadrifysa.github.io/mapasquadrify/mapas-gerados/vereadores_malu_mogi/vereadores_malu_mogi_rosalice_galvao_filippo_fernandes_guaratingueta_2024.html
FERNANDA STEFANI CURTI	FERNANDA STEFANI CURTI	FERNANDA CURTI	PT	GUARULHOS	2024	9924	auto_exato_ou_quase	1.0	/Users/geovaniomonteiro/Projetos/Quadrify/mapas-gerados/vereadores_malu_mogi/vereadores_malu_mogi_fernanda_stefani_curti_guarulhos_2024.html	https://quadrifysa.github.io/mapasquadrify/mapas-gerados/vereadores_malu_mogi/vereadores_malu_mogi_fernanda_stefani_curti_guarulhos_2024.html
GUTEMBERG MENDES TAVARES	GUTEMBERG MENDES TAVARES	GUTO TAVARES	PDT	GUARULHOS	2024	4766	auto_exato_ou_quase	1.0	/Users/geovaniomonteiro/Projetos/Quadrify/mapas-gerados/vereadores_malu_mogi/vereadores_malu_mogi_gutemberg_mendes_tavares_guarulhos_2024.html	https://quadrifysa.github.io/mapasquadrify/mapas-gerados/vereadores_malu_mogi/vereadores_malu_mogi_gutemberg_mendes_tavares_guarulhos_2024.html
JANETE ROCHA PIETÁ	JANETE ROCHA PIETÁ	JANETE PIETA	REDE	GUARULHOS	2024	10774	auto_exato_ou_quase	1.0	/Users/geovaniomonteiro/Projetos/Quadrify/mapas-gerados/vereadores_malu_mogi/vereadores_malu_mogi_janete_rocha_pieta_guarulhos_2024.html	https://quadrifysa.github.io/mapasquadrify/mapas-gerados/vereadores_malu_mogi/vereadores_malu_mogi_janete_rocha_pieta_guarulhos_2024.html
RAFAEL APARECIDO CARLOS ACOSTA	RAFAEL APARECIDO CARLOS ACOSTA	RAFAEL ACOSTA	PSB	GUARULHOS	2024	14162	auto_exato_ou_quase	1.0	/Users/geovaniomonteiro/Projetos/Quadrify/mapas-gerados/vereadores_malu_mogi/vereadores_malu_mogi_rafael_aparecido_carlos_acosta_guarulhos_2024.html	https://quadrifysa.github.io/mapasquadrify/mapas-gerados/vereadores_malu_mogi/vereadores_malu_mogi_rafael_aparecido_carlos_acosta_guarulhos_2024.html
ROMULO ORNELAS DE OLIVEIRA	ROMULO ORNELAS DE OLIVEIRA	PROF RÔMULO	PT	GUARULHOS	2024	13118	auto_exato_ou_quase	1.0	/Users/geovaniomonteiro/Projetos/Quadrify/mapas-gerados/vereadores_malu_mogi/vereadores_malu_mogi_romulo_ornelas_de_oliveira_guarulhos_2024.html	https://quadrifysa.github.io/mapasquadrify/mapas-gerados/vereadores_malu_mogi/vereadores_malu_mogi_romulo_ornelas_de_oliveira_guarulhos_2024.html
CARLOS ALBERTO DE ANDRADE	CARLOS ALBERTO DE ANDRADE	CARLÃO DA ILHA	AVANTE	ILHABELA	2024	14	revisar_score_medio	0.8448	/Users/geovaniomonteiro/Projetos/Quadrify/mapas-gerados/vereadores_malu_mogi/vereadores_malu_mogi_carlos_alberto_de_andrade_ilhabela_2024.html	https://quadrifysa.github.io/mapasquadrify/mapas-gerados/vereadores_malu_mogi/vereadores_malu_mogi_carlos_alberto_de_andrade_ilhabela_2024.html
GABRIEL AUGUSTO DE OLIVEIRA SOUZA ROCHA	GABRIEL AUGUSTO DE OLIVEIRA SOUZA ROCHA	GABRIEL ROCHA	PL	ILHABELA	2024	761	auto_exato_ou_quase	1.0	/Users/geovaniomonteiro/Projetos/Quadrify/mapas-gerados/vereadores_malu_mogi/vereadores_malu_mogi_gabriel_augusto_de_oliveira_souza_rocha_ilhabela_2024.html	https://quadrifysa.github.io/mapasquadrify/mapas-gerados/vereadores_malu_mogi/vereadores_malu_mogi_gabriel_augusto_de_oliveira_souza_rocha_ilhabela_2024.html
NANCI PERES DE ARAUJO ZANATO	NANCI PERES DE ARAUJO ZANATO	NANCI ZANATO	PL	ILHABELA	2024	203	auto_exato_ou_quase	1.0	/Users/geovaniomonteiro/Projetos/Quadrify/mapas-gerados/vereadores_malu_mogi/vereadores_malu_mogi_nanci_peres_de_araujo_zanato_ilhabela_2024.html	https://quadrifysa.github.io/mapasquadrify/mapas-gerados/vereadores_malu_mogi/vereadores_malu_mogi_nanci_peres_de_araujo_zanato_ilhabela_2024.html
THIAGO SOUZA SANTOS	THIAGO SOUZA SANTOS	DR THIAGO	REPUBLICANOS	ILHABELA	2024	777	auto_exato_ou_quase	0.99	/Users/geovaniomonteiro/Projetos/Quadrify/mapas-gerados/vereadores_malu_mogi/vereadores_malu_mogi_thiago_souza_santos_ilhabela_2024.html	https://quadrifysa.github.io/mapasquadrify/mapas-gerados/vereadores_malu_mogi/vereadores_malu_mogi_thiago_souza_santos_ilhabela_2024.html
DAVID RIBEIRO DA SILVA	DAVID RIBEIRO DA SILVA	DAVID NETO	PL	ITAQUAQUECETUBA	2024	8547	auto_exato_ou_quase	1.0	/Users/geovaniomonteiro/Projetos/Quadrify/mapas-gerados/vereadores_malu_mogi/vereadores_malu_mogi_david_ribeiro_da_silva_itaquaquecetuba_2024.html	https://quadrifysa.github.io/mapasquadrify/mapas-gerados/vereadores_malu_mogi/vereadores_malu_mogi_david_ribeiro_da_silva_itaquaquecetuba_2024.html
FRANCISCO JOSE FERREIRA	FRANCISCO JOSE FERREIRA	PROFESSOR FRANCISCO	PSD	ITAQUAQUECETUBA	2024	1927	auto_exato_ou_quase	1.0	/Users/geovaniomonteiro/Projetos/Quadrify/mapas-gerados/vereadores_malu_mogi/vereadores_malu_mogi_francisco_jose_ferreira_itaquaquecetuba_2024.html	https://quadrifysa.github.io/mapasquadrify/mapas-gerados/vereadores_malu_mogi/vereadores_malu_mogi_francisco_jose_ferreira_itaquaquecetuba_2024.html
GUSTAVO RAMOS DE MACEDO	GUSTAVO RAMOS DE MACEDO	GUSTAVO	PT	ITAQUAQUECETUBA	2024	635	auto_exato_ou_quase	1.0	/Users/geovaniomonteiro/Projetos/Quadrify/mapas-gerados/vereadores_malu_mogi/vereadores_malu_mogi_gustavo_ramos_de_macedo_itaquaquecetuba_2024.html	https://quadrifysa.github.io/mapasquadrify/mapas-gerados/vereadores_malu_mogi/vereadores_malu_mogi_gustavo_ramos_de_macedo_itaquaquecetuba_2024.html
LESSANDRA GONÇALVES	LESSANDRA GONÇALVES	LESSANDRA DA PAIOL	PODE	ITAQUAQUECETUBA	2024	3743	auto_exato_ou_quase	1.0	/Users/geovaniomonteiro/Projetos/Quadrify/mapas-gerados/vereadores_malu_mogi/vereadores_malu_mogi_lessandra_goncalves_itaquaquecetuba_2024.html	https://quadrifysa.github.io/mapasquadrify/mapas-gerados/vereadores_malu_mogi/vereadores_malu_mogi_lessandra_goncalves_itaquaquecetuba_2024.html
LINDINALVA ZEFERINO DE AZEVEDO	LINDINALVA ZEFERINO DE AZEVEDO	COLEGA	PSB	ITAQUAQUECETUBA	2024	1532	auto_exato_ou_quase	1.0	/Users/geovaniomonteiro/Projetos/Quadrify/mapas-gerados/vereadores_malu_mogi/vereadores_malu_mogi_lindinalva_zeferino_de_azevedo_itaquaquecetuba_2024.html	https://quadrifysa.github.io/mapasquadrify/mapas-gerados/vereadores_malu_mogi/vereadores_malu_mogi_lindinalva_zeferino_de_azevedo_itaquaquecetuba_2024.html
ROQUE LEVI SANTOS TAVARES	ROQUE LEVI SANTOS TAVARES	DR. ROQUE	PL	ITAQUAQUECETUBA	2024	3564	auto_exato_ou_quase	1.0	/Users/geovaniomonteiro/Projetos/Quadrify/mapas-gerados/vereadores_malu_mogi/vereadores_malu_mogi_roque_levi_santos_tavares_itaquaquecetuba_2024.html	https://quadrifysa.github.io/mapasquadrify/mapas-gerados/vereadores_malu_mogi/vereadores_malu_mogi_roque_levi_santos_tavares_itaquaquecetuba_2024.html
DANIEL MARIANO TEIXEIRA	DANIEL MARIANO TEIXEIRA	DANIEL MARIANO	PL	JACAREÍ	2024	1820	auto_exato_ou_quase	1.0	/Users/geovaniomonteiro/Projetos/Quadrify/mapas-gerados/vereadores_malu_mogi/vereadores_malu_mogi_daniel_mariano_teixeira_jacarei_2024.html	https://quadrifysa.github.io/mapasquadrify/mapas-gerados/vereadores_malu_mogi/vereadores_malu_mogi_daniel_mariano_teixeira_jacarei_2024.html
GABRIEL BELEM DOS SANTOS	GABRIEL BELEM DOS SANTOS	GABRIEL BELÉM	PSB	JACAREÍ	2024	2971	auto_exato_ou_quase	1.0	/Users/geovaniomonteiro/Projetos/Quadrify/mapas-gerados/vereadores_malu_mogi/vereadores_malu_mogi_gabriel_belem_dos_santos_jacarei_2024.html	https://quadrifysa.github.io/mapasquadrify/mapas-gerados/vereadores_malu_mogi/vereadores_malu_mogi_gabriel_belem_dos_santos_jacarei_2024.html
JEAN JOSÉ ALMEIDA ARAÚJO	JEAN JOSÉ ALMEIDA ARAÚJO	JEAN ARAÚJO	PP	JACAREÍ	2024	1348	auto_exato_ou_quase	1.0	/Users/geovaniomonteiro/Projetos/Quadrify/mapas-gerados/vereadores_malu_mogi/vereadores_malu_mogi_jean_jose_almeida_araujo_jacarei_2024.html	https://quadrifysa.github.io/mapasquadrify/mapas-gerados/vereadores_malu_mogi/vereadores_malu_mogi_jean_jose_almeida_araujo_jacarei_2024.html
MARCELO DANTAS DE MEDEIROS	MARCELO DANTAS DE MEDEIROS	MARCELO DANTAS DO JACAREÍ TV	PODE	JACAREÍ	2024	1362	auto_exato_ou_quase	1.0	/Users/geovaniomonteiro/Projetos/Quadrify/mapas-gerados/vereadores_malu_mogi/vereadores_malu_mogi_marcelo_dantas_de_medeiros_jacarei_2024.html	https://quadrifysa.github.io/mapasquadrify/mapas-gerados/vereadores_malu_mogi/vereadores_malu_mogi_marcelo_dantas_de_medeiros_jacarei_2024.html
MARIA AMÉLIA MACHADO MARCONDES DE OLIVEIRA	MARIA AMÉLIA MACHADO MARCONDES DE OLIVEIRA	MARIA AMÉLIA	PSDB	JACAREÍ	2024	1521	auto_exato_ou_quase	1.0	/Users/geovaniomonteiro/Projetos/Quadrify/mapas-gerados/vereadores_malu_mogi/vereadores_malu_mogi_maria_amelia_machado_marcondes_de_oliveira_jacarei_2024.html	https://quadrifysa.github.io/mapasquadrify/mapas-gerados/vereadores_malu_mogi/vereadores_malu_mogi_maria_amelia_machado_marcondes_de_oliveira_jacarei_2024.html
ANA LUCIA SILVA MELLO	ANA LUCIA SILVA MELLO	LUCIA DA SAÚDE	PODE	LORENA	2024	578	auto_exato_ou_quase	1.0	/Users/geovaniomonteiro/Projetos/Quadrify/mapas-gerados/vereadores_malu_mogi/vereadores_malu_mogi_ana_lucia_silva_mello_lorena_2024.html	https://quadrifysa.github.io/mapasquadrify/mapas-gerados/vereadores_malu_mogi/vereadores_malu_mogi_ana_lucia_silva_mello_lorena_2024.html
BRUNO LORENA NOGUEIRA DA SILVA	BRUNO LORENA NOGUEIRA DA SILVA	BRUNO LORENA	PSDB	LORENA	2024	1105	auto_exato_ou_quase	1.0	/Users/geovaniomonteiro/Projetos/Quadrify/mapas-gerados/vereadores_malu_mogi/vereadores_malu_mogi_bruno_lorena_nogueira_da_silva_lorena_2024.html	https://quadrifysa.github.io/mapasquadrify/mapas-gerados/vereadores_malu_mogi/vereadores_malu_mogi_bruno_lorena_nogueira_da_silva_lorena_2024.html
DANIEL MONTEIRO COSTA	DANIEL MONTEIRO COSTA	DANIEL MUNDURUKU	PDT	LORENA	2024	684	auto_exato_ou_quase	1.0	/Users/geovaniomonteiro/Projetos/Quadrify/mapas-gerados/vereadores_malu_mogi/vereadores_malu_mogi_daniel_monteiro_costa_lorena_2024.html	https://quadrifysa.github.io/mapasquadrify/mapas-gerados/vereadores_malu_mogi/vereadores_malu_mogi_daniel_monteiro_costa_lorena_2024.html
ELIDA DO AMARAL VIEIRA	ELIDA DO AMARAL VIEIRA	ELIDA VIEIRA	PODE	LORENA	2024	1274	auto_exato_ou_quase	1.0	/Users/geovaniomonteiro/Projetos/Quadrify/mapas-gerados/vereadores_malu_mogi/vereadores_malu_mogi_elida_do_amaral_vieira_lorena_2024.html	https://quadrifysa.github.io/mapasquadrify/mapas-gerados/vereadores_malu_mogi/vereadores_malu_mogi_elida_do_amaral_vieira_lorena_2024.html
EDUARDO HIROSHI OTA	EDUARDO HIROSHI OTA	PROF EDUARDO OTA	PODE	MOGI DAS CRUZES	2024	1555	auto_exato_ou_quase	1.0	/Users/geovaniomonteiro/Projetos/Quadrify/mapas-gerados/vereadores_malu_mogi/vereadores_malu_mogi_eduardo_hiroshi_ota_mogi_das_cruzes_2024.html	https://quadrifysa.github.io/mapasquadrify/mapas-gerados/vereadores_malu_mogi/vereadores_malu_mogi_eduardo_hiroshi_ota_mogi_das_cruzes_2024.html
FERNANDA MORENO DA SILVA	FERNANDA MORENO DA SILVA	FERNANDA MORENO	MDB	MOGI DAS CRUZES	2024	1948	auto_exato_ou_quase	1.0	/Users/geovaniomonteiro/Projetos/Quadrify/mapas-gerados/vereadores_malu_mogi/vereadores_malu_mogi_fernanda_moreno_da_silva_mogi_das_cruzes_2024.html	https://quadrifysa.github.io/mapasquadrify/mapas-gerados/vereadores_malu_mogi/vereadores_malu_mogi_fernanda_moreno_da_silva_mogi_das_cruzes_2024.html
IDUIGUES FERREIRA MARTINS	IDUIGUES FERREIRA MARTINS	IDUIGUES MARTINS	PT	MOGI DAS CRUZES	2024	1078	auto_exato_ou_quase	1.0	/Users/geovaniomonteiro/Projetos/Quadrify/mapas-gerados/vereadores_malu_mogi/vereadores_malu_mogi_iduigues_ferreira_martins_mogi_das_cruzes_2024.html	https://quadrifysa.github.io/mapasquadrify/mapas-gerados/vereadores_malu_mogi/vereadores_malu_mogi_iduigues_ferreira_martins_mogi_das_cruzes_2024.html
MARIA LUIZA FERNANDES	MARIA LUIZA FERNANDES	MALU FERNANDES	PL	MOGI DAS CRUZES	2024	3868	auto_exato_ou_quase	1.0	/Users/geovaniomonteiro/Projetos/Quadrify/mapas-gerados/vereadores_malu_mogi/vereadores_malu_mogi_maria_luiza_fernandes_mogi_das_cruzes_2024.html	https://quadrifysa.github.io/mapasquadrify/mapas-gerados/vereadores_malu_mogi/vereadores_malu_mogi_maria_luiza_fernandes_mogi_das_cruzes_2024.html
MAURO LUIS CLAUDINO DE ARAÚJO	MAURO LUIS CLAUDINO DE ARAÚJO	MAURO ARAÚJO	MDB	MOGI DAS CRUZES	2024	957	auto_exato_ou_quase	1.0	/Users/geovaniomonteiro/Projetos/Quadrify/mapas-gerados/vereadores_malu_mogi/vereadores_malu_mogi_mauro_luis_claudino_de_araujo_mogi_das_cruzes_2024.html	https://quadrifysa.github.io/mapasquadrify/mapas-gerados/vereadores_malu_mogi/vereadores_malu_mogi_mauro_luis_claudino_de_araujo_mogi_das_cruzes_2024.html
OSVALDO ANTONIO DA SILVA	OSVALDO ANTONIO DA SILVA	OSVALDO SILVA	REPUBLICANOS	MOGI DAS CRUZES	2024	1330	auto_exato_ou_quase	1.0	/Users/geovaniomonteiro/Projetos/Quadrify/mapas-gerados/vereadores_malu_mogi/vereadores_malu_mogi_osvaldo_antonio_da_silva_mogi_das_cruzes_2024.html	https://quadrifysa.github.io/mapasquadrify/mapas-gerados/vereadores_malu_mogi/vereadores_malu_mogi_osvaldo_antonio_da_silva_mogi_das_cruzes_2024.html
PEDRO HIDEKI KOMURA	PEDRO HIDEKI KOMURA	PEDRO KOMURA	UNIÃO	MOGI DAS CRUZES	2024	982	auto_exato_ou_quase	1.0	/Users/geovaniomonteiro/Projetos/Quadrify/mapas-gerados/vereadores_malu_mogi/vereadores_malu_mogi_pedro_hideki_komura_mogi_das_cruzes_2024.html	https://quadrifysa.github.io/mapasquadrify/mapas-gerados/vereadores_malu_mogi/vereadores_malu_mogi_pedro_hideki_komura_mogi_das_cruzes_2024.html
PRISCILA YAMAGAMI KAHLER	PRISCILA YAMAGAMI KAHLER	PRISCILA YAMAGAMI	PP	MOGI DAS CRUZES	2024	768	auto_exato_ou_quase	1.0	/Users/geovaniomonteiro/Projetos/Quadrify/mapas-gerados/vereadores_malu_mogi/vereadores_malu_mogi_priscila_yamagami_kahler_mogi_das_cruzes_2024.html	https://quadrifysa.github.io/mapasquadrify/mapas-gerados/vereadores_malu_mogi/vereadores_malu_mogi_priscila_yamagami_kahler_mogi_das_cruzes_2024.html
EMERSON AMORIM CASSIANO DOS SANTOS	EMERSON AMORIM CASSIANO DOS SANTOS	EMERSON DENTINHO	PODE	POÁ	2024	1323	auto_exato_ou_quase	1.0	/Users/geovaniomonteiro/Projetos/Quadrify/mapas-gerados/vereadores_malu_mogi/vereadores_malu_mogi_emerson_amorim_cassiano_dos_santos_poa_2024.html	https://quadrifysa.github.io/mapasquadrify/mapas-gerados/vereadores_malu_mogi/vereadores_malu_mogi_emerson_amorim_cassiano_dos_santos_poa_2024.html
LUCAS ALVES FERRARI	LUCAS ALVES FERRARI	LUCAS FERRARI	PL	POÁ	2024	2050	auto_exato_ou_quase	1.0	/Users/geovaniomonteiro/Projetos/Quadrify/mapas-gerados/vereadores_malu_mogi/vereadores_malu_mogi_lucas_alves_ferrari_poa_2024.html	https://quadrifysa.github.io/mapasquadrify/mapas-gerados/vereadores_malu_mogi/vereadores_malu_mogi_lucas_alves_ferrari_poa_2024.html
RAPHAEL BERNARDES GROTHE	RAPHAEL BERNARDES GROTHE	DR. RAPHAEL GROTHE	AVANTE	POÁ	2024	840	auto_exato_ou_quase	1.0	/Users/geovaniomonteiro/Projetos/Quadrify/mapas-gerados/vereadores_malu_mogi/vereadores_malu_mogi_raphael_bernardes_grothe_poa_2024.html	https://quadrifysa.github.io/mapasquadrify/mapas-gerados/vereadores_malu_mogi/vereadores_malu_mogi_raphael_bernardes_grothe_poa_2024.html
ROGERIO RODRIGUES MATHIAS	ROGERIO RODRIGUES MATHIAS	PROF. ROGÉRIO MATHIAS	PP	POÁ	2024	927	auto_exato_ou_quase	1.0	/Users/geovaniomonteiro/Projetos/Quadrify/mapas-gerados/vereadores_malu_mogi/vereadores_malu_mogi_rogerio_rodrigues_mathias_poa_2024.html	https://quadrifysa.github.io/mapasquadrify/mapas-gerados/vereadores_malu_mogi/vereadores_malu_mogi_rogerio_rodrigues_mathias_poa_2024.html
SAULO TEIXEIRA ALBERTO DA COSTA	SAULO TEIXEIRA ALBERTO DA COSTA	DR. SAULO DENTISTA	UNIÃO	POÁ	2024	877	auto_exato_ou_quase	1.0	/Users/geovaniomonteiro/Projetos/Quadrify/mapas-gerados/vereadores_malu_mogi/vereadores_malu_mogi_saulo_teixeira_alberto_da_costa_poa_2024.html	https://quadrifysa.github.io/mapasquadrify/mapas-gerados/vereadores_malu_mogi/vereadores_malu_mogi_saulo_teixeira_alberto_da_costa_poa_2024.html
DEBORA APARECIDA RODRIGUES BORGES	DEBORA APARECIDA RODRIGUES BORGES	DEBORA BORGES	PODE	SALESÓPOLIS	2024	344	auto_exato_ou_quase	1.0	/Users/geovaniomonteiro/Projetos/Quadrify/mapas-gerados/vereadores_malu_mogi/vereadores_malu_mogi_debora_aparecida_rodrigues_borges_salesopolis_2024.html	https://quadrifysa.github.io/mapasquadrify/mapas-gerados/vereadores_malu_mogi/vereadores_malu_mogi_debora_aparecida_rodrigues_borges_salesopolis_2024.html
FABRICIO DOS SANTOS NUNES PAIVA	FABRICIO DOS SANTOS NUNES PAIVA	FABRÍCIO PAIVA	PODE	SALESÓPOLIS	2024	344	auto_exato_ou_quase	1.0	/Users/geovaniomonteiro/Projetos/Quadrify/mapas-gerados/vereadores_malu_mogi/vereadores_malu_mogi_fabricio_dos_santos_nunes_paiva_salesopolis_2024.html	https://quadrifysa.github.io/mapasquadrify/mapas-gerados/vereadores_malu_mogi/vereadores_malu_mogi_fabricio_dos_santos_nunes_paiva_salesopolis_2024.html
PAULO CEZAR MONTEIRO	PAULO CEZAR MONTEIRO	MINEIRO DO RESTAURANTE	PSD	SALESÓPOLIS	2024	241	auto_exato_ou_quase	1.0	/Users/geovaniomonteiro/Projetos/Quadrify/mapas-gerados/vereadores_malu_mogi/vereadores_malu_mogi_paulo_cezar_monteiro_salesopolis_2024.html	https://quadrifysa.github.io/mapasquadrify/mapas-gerados/vereadores_malu_mogi/vereadores_malu_mogi_paulo_cezar_monteiro_salesopolis_2024.html
BRUNA RAFAELA MENDES	BRUNA RAFAELA MENDES	BRUNA PATI	UNIÃO	SANTA ISABEL	2024	1222	auto_exato_ou_quase	1.0	/Users/geovaniomonteiro/Projetos/Quadrify/mapas-gerados/vereadores_malu_mogi/vereadores_malu_mogi_bruna_rafaela_mendes_santa_isabel_2024.html	https://quadrifysa.github.io/mapasquadrify/mapas-gerados/vereadores_malu_mogi/vereadores_malu_mogi_bruna_rafaela_mendes_santa_isabel_2024.html
MARCIO PEREIRA PINHO	MARCIO PEREIRA PINHO	MARCIO PINHO	PSD	SANTA ISABEL	2024	25	auto_exato_ou_quase	1.0	/Users/geovaniomonteiro/Projetos/Quadrify/mapas-gerados/vereadores_malu_mogi/vereadores_malu_mogi_marcio_pereira_pinho_santa_isabel_2024.html	https://quadrifysa.github.io/mapasquadrify/mapas-gerados/vereadores_malu_mogi/vereadores_malu_mogi_marcio_pereira_pinho_santa_isabel_2024.html
MARCOS FELIPE DE OLIVEIRA BARBOSA	MARCOS FELIPE DE OLIVEIRA BARBOSA	CANNOR	UNIÃO	SANTA ISABEL	2024	553	auto_exato_ou_quase	1.0	/Users/geovaniomonteiro/Projetos/Quadrify/mapas-gerados/vereadores_malu_mogi/vereadores_malu_mogi_marcos_felipe_de_oliveira_barbosa_santa_isabel_2024.html	https://quadrifysa.github.io/mapasquadrify/mapas-gerados/vereadores_malu_mogi/vereadores_malu_mogi_marcos_felipe_de_oliveira_barbosa_santa_isabel_2024.html
MARIA TELMA ALMEIDA FERREIRA PEREIRA	MARIA TELMA ALMEIDA FERREIRA PEREIRA	MARIA TELMA	UNIÃO	SANTA ISABEL	2024	484	auto_exato_ou_quase	1.0	/Users/geovaniomonteiro/Projetos/Quadrify/mapas-gerados/vereadores_malu_mogi/vereadores_malu_mogi_maria_telma_almeida_ferreira_pereira_santa_isabel_2024.html	https://quadrifysa.github.io/mapasquadrify/mapas-gerados/vereadores_malu_mogi/vereadores_malu_mogi_maria_telma_almeida_ferreira_pereira_santa_isabel_2024.html
REGIANE DE CASTRO	REGIANE DE CASTRO	REGIANE PROTETORA	PODE	SANTA ISABEL	2024	516	auto_exato_ou_quase	1.0	/Users/geovaniomonteiro/Projetos/Quadrify/mapas-gerados/vereadores_malu_mogi/vereadores_malu_mogi_regiane_de_castro_santa_isabel_2024.html	https://quadrifysa.github.io/mapasquadrify/mapas-gerados/vereadores_malu_mogi/vereadores_malu_mogi_regiane_de_castro_santa_isabel_2024.html
ADILSON DOS SANTOS JUNIOR	ADILSON DOS SANTOS JUNIOR	ADILSON JUNIOR	PP	SANTOS	2024	4286	auto_exato_ou_quase	1.0	/Users/geovaniomonteiro/Projetos/Quadrify/mapas-gerados/vereadores_malu_mogi/vereadores_malu_mogi_adilson_dos_santos_junior_santos_2024.html	https://quadrifysa.github.io/mapasquadrify/mapas-gerados/vereadores_malu_mogi/vereadores_malu_mogi_adilson_dos_santos_junior_santos_2024.html
CLAUDIA REGINA ALONSO ELIAS PERES	CLAUDIA REGINA ALONSO ELIAS PERES	CLAUDIA ALONSO	PODE	SANTOS	2024	1014	auto_exato_ou_quase	1.0	/Users/geovaniomonteiro/Projetos/Quadrify/mapas-gerados/vereadores_malu_mogi/vereadores_malu_mogi_claudia_regina_alonso_elias_peres_santos_2024.html	https://quadrifysa.github.io/mapasquadrify/mapas-gerados/vereadores_malu_mogi/vereadores_malu_mogi_claudia_regina_alonso_elias_peres_santos_2024.html
DÉBORA ALVES CAMILO	DÉBORA ALVES CAMILO	DÉBORA CAMILO	PSOL	SANTOS	2024	14514	auto_exato_ou_quase	1.0	/Users/geovaniomonteiro/Projetos/Quadrify/mapas-gerados/vereadores_malu_mogi/vereadores_malu_mogi_debora_alves_camilo_santos_2024.html	https://quadrifysa.github.io/mapasquadrify/mapas-gerados/vereadores_malu_mogi/vereadores_malu_mogi_debora_alves_camilo_santos_2024.html
RENATA COSTA BRAVO OLIVEIRA	RENATA COSTA BRAVO OLIVEIRA	RENATA BRAVO	PSD	SANTOS	2024	5722	auto_exato_ou_quase	1.0	/Users/geovaniomonteiro/Projetos/Quadrify/mapas-gerados/vereadores_malu_mogi/vereadores_malu_mogi_renata_costa_bravo_oliveira_santos_2024.html	https://quadrifysa.github.io/mapasquadrify/mapas-gerados/vereadores_malu_mogi/vereadores_malu_mogi_renata_costa_bravo_oliveira_santos_2024.html
ANDRÉ DIAS DOURADO	ANDRÉ DIAS DOURADO	ANDRÉ DOURADO	PT	SUZANO	2024	1069	auto_exato_ou_quase	1.0	/Users/geovaniomonteiro/Projetos/Quadrify/mapas-gerados/vereadores_malu_mogi/vereadores_malu_mogi_andre_dias_dourado_suzano_2024.html	https://quadrifysa.github.io/mapasquadrify/mapas-gerados/vereadores_malu_mogi/vereadores_malu_mogi_andre_dias_dourado_suzano_2024.html
ARTUR YUKIO TAKAYAMA	ARTUR YUKIO TAKAYAMA	ARTUR TAKAYAMA	PL	SUZANO	2024	3133	auto_exato_ou_quase	1.0	/Users/geovaniomonteiro/Projetos/Quadrify/mapas-gerados/vereadores_malu_mogi/vereadores_malu_mogi_artur_yukio_takayama_suzano_2024.html	https://quadrifysa.github.io/mapasquadrify/mapas-gerados/vereadores_malu_mogi/vereadores_malu_mogi_artur_yukio_takayama_suzano_2024.html
MARCIO ALEXANDRE DE SOUZA	MARCIO ALEXANDRE DE SOUZA	MARCIO MALT	PL	SUZANO	2024	2074	auto_exato_ou_quase	0.9867	/Users/geovaniomonteiro/Projetos/Quadrify/mapas-gerados/vereadores_malu_mogi/vereadores_malu_mogi_marcio_alexandre_de_souza_suzano_2024.html	https://quadrifysa.github.io/mapasquadrify/mapas-gerados/vereadores_malu_mogi/vereadores_malu_mogi_marcio_alexandre_de_souza_suzano_2024.html
ROGERIO APARECIDO CASTILHO	ROGERIO APARECIDO CASTILHO	ROGERIO CASTILHO	PSB	SUZANO	2024	2923	auto_exato_ou_quase	1.0	/Users/geovaniomonteiro/Projetos/Quadrify/mapas-gerados/vereadores_malu_mogi/vereadores_malu_mogi_rogerio_aparecido_castilho_suzano_2024.html	https://quadrifysa.github.io/mapasquadrify/mapas-gerados/vereadores_malu_mogi/vereadores_malu_mogi_rogerio_aparecido_castilho_suzano_2024.html
AMELIA NAOMI OMURA	AMELIA NAOMI OMURA	AMELIA NAOMI	PT	SÃO JOSÉ DOS CAMPOS	2024	13696	auto_exato_ou_quase	1.0	/Users/geovaniomonteiro/Projetos/Quadrify/mapas-gerados/vereadores_malu_mogi/vereadores_malu_mogi_amelia_naomi_omura_sao_jose_dos_campos_2024.html	https://quadrifysa.github.io/mapasquadrify/mapas-gerados/vereadores_malu_mogi/vereadores_malu_mogi_amelia_naomi_omura_sao_jose_dos_campos_2024.html
CARLOS AUGUSTO ABRANCHES	CARLOS AUGUSTO ABRANCHES	CARLOS ABRANCHES	CIDADANIA	SÃO JOSÉ DOS CAMPOS	2024	7934	auto_exato_ou_quase	1.0	/Users/geovaniomonteiro/Projetos/Quadrify/mapas-gerados/vereadores_malu_mogi/vereadores_malu_mogi_carlos_augusto_abranches_sao_jose_dos_campos_2024.html	https://quadrifysa.github.io/mapasquadrify/mapas-gerados/vereadores_malu_mogi/vereadores_malu_mogi_carlos_augusto_abranches_sao_jose_dos_campos_2024.html
FERNANDO LUIZ ISOPPO PETITI	FERNANDO LUIZ ISOPPO PETITI	FERNANDO PETITI	PSDB	SÃO JOSÉ DOS CAMPOS	2024	11618	auto_exato_ou_quase	1.0	/Users/geovaniomonteiro/Projetos/Quadrify/mapas-gerados/vereadores_malu_mogi/vereadores_malu_mogi_fernando_luiz_isoppo_petiti_sao_jose_dos_campos_2024.html	https://quadrifysa.github.io/mapasquadrify/mapas-gerados/vereadores_malu_mogi/vereadores_malu_mogi_fernando_luiz_isoppo_petiti_sao_jose_dos_campos_2024.html
JULIANA FRAGA E SILVA DE SOUZA	JULIANA FRAGA E SILVA DE SOUZA	JULIANA FRAGA	PT	SÃO JOSÉ DOS CAMPOS	2024	7214	auto_exato_ou_quase	1.0	/Users/geovaniomonteiro/Projetos/Quadrify/mapas-gerados/vereadores_malu_mogi/vereadores_malu_mogi_juliana_fraga_e_silva_de_souza_sao_jose_dos_campos_2024.html	https://quadrifysa.github.io/mapasquadrify/mapas-gerados/vereadores_malu_mogi/vereadores_malu_mogi_juliana_fraga_e_silva_de_souza_sao_jose_dos_campos_2024.html
ROBERTO DE ASSIS CHAGAS	ROBERTO DE ASSIS CHAGAS	ROBERTO CHAGAS	PL	SÃO JOSÉ DOS CAMPOS	2024	13482	auto_exato_ou_quase	1.0	/Users/geovaniomonteiro/Projetos/Quadrify/mapas-gerados/vereadores_malu_mogi/vereadores_malu_mogi_roberto_de_assis_chagas_sao_jose_dos_campos_2024.html	https://quadrifysa.github.io/mapasquadrify/mapas-gerados/vereadores_malu_mogi/vereadores_malu_mogi_roberto_de_assis_chagas_sao_jose_dos_campos_2024.html
SIDNEY SIQUEIRA CAMPOS FERNANDES RODRIGUES	SIDNEY SIQUEIRA CAMPOS FERNANDES RODRIGUES	SIDNEY CAMPOS	PSDB	SÃO JOSÉ DOS CAMPOS	2024	5640	auto_exato_ou_quase	1.0	/Users/geovaniomonteiro/Projetos/Quadrify/mapas-gerados/vereadores_malu_mogi/vereadores_malu_mogi_sidney_siqueira_campos_fernandes_rodrigues_sao_jose_dos_campos_2024.html	https://quadrifysa.github.io/mapasquadrify/mapas-gerados/vereadores_malu_mogi/vereadores_malu_mogi_sidney_siqueira_campos_fernandes_rodrigues_sao_jose_dos_campos_2024.html
THOMAZ HENRIQUE BARBOSA DA SILVA	THOMAZ HENRIQUE BARBOSA DA SILVA	THOMAZ HENRIQUE	PL	SÃO JOSÉ DOS CAMPOS	2024	12860	auto_exato_ou_quase	1.0	/Users/geovaniomonteiro/Projetos/Quadrify/mapas-gerados/vereadores_malu_mogi/vereadores_malu_mogi_thomaz_henrique_barbosa_da_silva_sao_jose_dos_campos_2024.html	https://quadrifysa.github.io/mapasquadrify/mapas-gerados/vereadores_malu_mogi/vereadores_malu_mogi_thomaz_henrique_barbosa_da_silva_sao_jose_dos_campos_2024.html
AMANDA MARQUES PASCHOAL	AMANDA MARQUES PASCHOAL	AMANDA PASCHOAL	PSOL	SÃO PAULO	2024	136392	auto_exato_ou_quase	1.0	/Users/geovaniomonteiro/Projetos/Quadrify/mapas-gerados/vereadores_malu_mogi/vereadores_malu_mogi_amanda_marques_paschoal_sao_paulo_2024.html	https://quadrifysa.github.io/mapasquadrify/mapas-gerados/vereadores_malu_mogi/vereadores_malu_mogi_amanda_marques_paschoal_sao_paulo_2024.html
AMANDA VETTORAZZO CARNEIRO	AMANDA VETTORAZZO CARNEIRO	AMANDA VETTORAZZO	UNIÃO	SÃO PAULO	2024	12214	auto_exato_ou_quase	1.0	/Users/geovaniomonteiro/Projetos/Quadrify/mapas-gerados/vereadores_malu_mogi/vereadores_malu_mogi_amanda_vettorazzo_carneiro_sao_paulo_2024.html	https://quadrifysa.github.io/mapasquadrify/mapas-gerados/vereadores_malu_mogi/vereadores_malu_mogi_amanda_vettorazzo_carneiro_sao_paulo_2024.html
ANA CAROLINA CUNHA DE OLIVEIRA FRANCOMANO	ANA CAROLINA CUNHA DE OLIVEIRA FRANCOMANO	ANA CAROLINA OLIVEIRA	PODE	SÃO PAULO	2024	186622	auto_exato_ou_quase	1.0	/Users/geovaniomonteiro/Projetos/Quadrify/mapas-gerados/vereadores_malu_mogi/vereadores_malu_mogi_ana_carolina_cunha_de_oliveira_francomano_sao_paulo_2024.html	https://quadrifysa.github.io/mapasquadrify/mapas-gerados/vereadores_malu_mogi/vereadores_malu_mogi_ana_carolina_cunha_de_oliveira_francomano_sao_paulo_2024.html
CRISTINA PEREIRA MONTEIRO	CRISTINA PEREIRA MONTEIRO	CRIS MONTEIRO	NOVO	SÃO PAULO	2024	82860	auto_exato_ou_quase	1.0	/Users/geovaniomonteiro/Projetos/Quadrify/mapas-gerados/vereadores_malu_mogi/vereadores_malu_mogi_cristina_pereira_monteiro_sao_paulo_2024.html	https://quadrifysa.github.io/mapasquadrify/mapas-gerados/vereadores_malu_mogi/vereadores_malu_mogi_cristina_pereira_monteiro_sao_paulo_2024.html
JANAINA CONCEIÇÃO PASCHOAL	JANAINA CONCEIÇÃO PASCHOAL	JANAINA PASCHOAL	PP	SÃO PAULO	2024	48124	auto_exato_ou_quase	1.0	/Users/geovaniomonteiro/Projetos/Quadrify/mapas-gerados/vereadores_malu_mogi/vereadores_malu_mogi_janaina_conceicao_paschoal_sao_paulo_2024.html	https://quadrifysa.github.io/mapasquadrify/mapas-gerados/vereadores_malu_mogi/vereadores_malu_mogi_janaina_conceicao_paschoal_sao_paulo_2024.html
LUCAS PAVANATO DE OLIVEIRA	LUCAS PAVANATO DE OLIVEIRA	LUCAS PAVANATO	PL	SÃO PAULO	2024	272028	auto_exato_ou_quase	1.0	/Users/geovaniomonteiro/Projetos/Quadrify/mapas-gerados/vereadores_malu_mogi/vereadores_malu_mogi_lucas_pavanato_de_oliveira_sao_paulo_2024.html	https://quadrifysa.github.io/mapasquadrify/mapas-gerados/vereadores_malu_mogi/vereadores_malu_mogi_lucas_pavanato_de_oliveira_sao_paulo_2024.html
MARINA AMADEU BATISTA BRAGANTE	MARINA AMADEU BATISTA BRAGANTE	MARINA BRAGANTE	REDE	SÃO PAULO	2024	46772	auto_exato_ou_quase	1.0	/Users/geovaniomonteiro/Projetos/Quadrify/mapas-gerados/vereadores_malu_mogi/vereadores_malu_mogi_marina_amadeu_batista_bragante_sao_paulo_2024.html	https://quadrifysa.github.io/mapasquadrify/mapas-gerados/vereadores_malu_mogi/vereadores_malu_mogi_marina_amadeu_batista_bragante_sao_paulo_2024.html
ZOE MARIA FERNANDEZ MARTINEZ	ZOE MARIA FERNANDEZ MARTINEZ	ZOE MARTINEZ	PL	SÃO PAULO	2024	50584	auto_exato_ou_quase	1.0	/Users/geovaniomonteiro/Projetos/Quadrify/mapas-gerados/vereadores_malu_mogi/vereadores_malu_mogi_zoe_maria_fernandez_martinez_sao_paulo_2024.html	https://quadrifysa.github.io/mapasquadrify/mapas-gerados/vereadores_malu_mogi/vereadores_malu_mogi_zoe_maria_fernandez_martinez_sao_paulo_2024.html
DANIEL SIMÕES DA COSTA	DANIEL SIMÕES DA COSTA	DANIEL SIMÕES	PP	SÃO SEBASTIÃO	2024	878	auto_exato_ou_quase	1.0	/Users/geovaniomonteiro/Projetos/Quadrify/mapas-gerados/vereadores_malu_mogi/vereadores_malu_mogi_daniel_simoes_da_costa_sao_sebastiao_2024.html	https://quadrifysa.github.io/mapasquadrify/mapas-gerados/vereadores_malu_mogi/vereadores_malu_mogi_daniel_simoes_da_costa_sao_sebastiao_2024.html
GLAUBER JOSE FERRAZ CORREA	GLAUBER JOSE FERRAZ CORREA	PROFESSOR GLAUBER	PODE	SÃO SEBASTIÃO	2024	895	auto_exato_ou_quase	1.0	/Users/geovaniomonteiro/Projetos/Quadrify/mapas-gerados/vereadores_malu_mogi/vereadores_malu_mogi_glauber_jose_ferraz_correa_sao_sebastiao_2024.html	https://quadrifysa.github.io/mapasquadrify/mapas-gerados/vereadores_malu_mogi/vereadores_malu_mogi_glauber_jose_ferraz_correa_sao_sebastiao_2024.html
HENRIANA PESSUTO CANDIDO LACERDA	HENRIANA PESSUTO CANDIDO LACERDA	HENRIANA LACERDA	REPUBLICANOS	SÃO SEBASTIÃO	2024	1219	auto_exato_ou_quase	1.0	/Users/geovaniomonteiro/Projetos/Quadrify/mapas-gerados/vereadores_malu_mogi/vereadores_malu_mogi_henriana_pessuto_candido_lacerda_sao_sebastiao_2024.html	https://quadrifysa.github.io/mapasquadrify/mapas-gerados/vereadores_malu_mogi/vereadores_malu_mogi_henriana_pessuto_candido_lacerda_sao_sebastiao_2024.html
JOÃO PAULO TEIXEIRA	JOÃO PAULO TEIXEIRA	JOÃO PAULO TEIXEIRA	PP	SÃO SEBASTIÃO	2024	1037	auto_exato_ou_quase	1.0	/Users/geovaniomonteiro/Projetos/Quadrify/mapas-gerados/vereadores_malu_mogi/vereadores_malu_mogi_joao_paulo_teixeira_sao_sebastiao_2024.html	https://quadrifysa.github.io/mapasquadrify/mapas-gerados/vereadores_malu_mogi/vereadores_malu_mogi_joao_paulo_teixeira_sao_sebastiao_2024.html
ARIEL PEREIRA KATZ	ARIEL PEREIRA KATZ	ARIEL KATZ	PDT	TAUBATÉ	2024	3830	auto_exato_ou_quase	1.0	/Users/geovaniomonteiro/Projetos/Quadrify/mapas-gerados/vereadores_malu_mogi/vereadores_malu_mogi_ariel_pereira_katz_taubate_2024.html	https://quadrifysa.github.io/mapasquadrify/mapas-gerados/vereadores_malu_mogi/vereadores_malu_mogi_ariel_pereira_katz_taubate_2024.html
DIEGO FONSECA NASCIMENTO	DIEGO FONSECA NASCIMENTO	DIEGO FONSECA	PL	TAUBATÉ	2024	8844	auto_exato_ou_quase	1.0	/Users/geovaniomonteiro/Projetos/Quadrify/mapas-gerados/vereadores_malu_mogi/vereadores_malu_mogi_diego_fonseca_nascimento_taubate_2024.html	https://quadrifysa.github.io/mapasquadrify/mapas-gerados/vereadores_malu_mogi/vereadores_malu_mogi_diego_fonseca_nascimento_taubate_2024.html
ELISA DE OLIVEIRA COELHO MANOEL	ELISA DE OLIVEIRA COELHO MANOEL	PROFESSORA ELISA	NOVO	TAUBATÉ	2024	110	auto_exato_ou_quase	1.0	/Users/geovaniomonteiro/Projetos/Quadrify/mapas-gerados/vereadores_malu_mogi/vereadores_malu_mogi_elisa_de_oliveira_coelho_manoel_taubate_2024.html	https://quadrifysa.github.io/mapasquadrify/mapas-gerados/vereadores_malu_mogi/vereadores_malu_mogi_elisa_de_oliveira_coelho_manoel_taubate_2024.html
ISAAC JARBAS MASCARENHAS DO CARMO	ISAAC JARBAS MASCARENHAS DO CARMO	ISAAC DO CARMO	PT	TAUBATÉ	2024	2256	auto_exato_ou_quase	1.0	/Users/geovaniomonteiro/Projetos/Quadrify/mapas-gerados/vereadores_malu_mogi/vereadores_malu_mogi_isaac_jarbas_mascarenhas_do_carmo_taubate_2024.html	https://quadrifysa.github.io/mapasquadrify/mapas-gerados/vereadores_malu_mogi/vereadores_malu_mogi_isaac_jarbas_mascarenhas_do_carmo_taubate_2024.html
NICOLA DI ANGELIS NETO	NICOLA DI ANGELIS NETO	NICOLA NETO	NOVO	TAUBATÉ	2024	1486	auto_exato_ou_quase	1.0	/Users/geovaniomonteiro/Projetos/Quadrify/mapas-gerados/vereadores_malu_mogi/vereadores_malu_mogi_nicola_di_angelis_neto_taubate_2024.html	https://quadrifysa.github.io/mapasquadrify/mapas-gerados/vereadores_malu_mogi/vereadores_malu_mogi_nicola_di_angelis_neto_taubate_2024.html
RICHARDSON RAMOS DE SOUSA	RICHARDSON RAMOS DE SOUSA	RICHARDSON DA PADARIA	UNIÃO	TAUBATÉ	2024	2456	auto_exato_ou_quase	1.0	/Users/geovaniomonteiro/Projetos/Quadrify/mapas-gerados/vereadores_malu_mogi/vereadores_malu_mogi_richardson_ramos_de_sousa_taubate_2024.html	https://quadrifysa.github.io/mapasquadrify/mapas-gerados/vereadores_malu_mogi/vereadores_malu_mogi_richardson_ramos_de_sousa_taubate_2024.html
TALITA DE LIMA BARBOSA	TALITA DE LIMA BARBOSA	TALITA CADEIRANTE	PSB	TAUBATÉ	2024	8052	auto_exato_ou_quase	1.0	/Users/geovaniomonteiro/Projetos/Quadrify/mapas-gerados/vereadores_malu_mogi/vereadores_malu_mogi_talita_de_lima_barbosa_taubate_2024.html	https://quadrifysa.github.io/mapasquadrify/mapas-gerados/vereadores_malu_mogi/vereadores_malu_mogi_talita_de_lima_barbosa_taubate_2024.html
