nome_oficial,nome_urna,partido,cidade,ano,votos,link
CAIO GUILHERME FERREIRA MELO,CAIO MÃOS SOLIDÁRIAS,UNIÃO,ARUJÁ,2024,1441,https://quadrifysa.github.io/mapasquadrify/mapas-gerados/vereadores_malu_fernandes/vereadores_malu_fernandes_caio_guilherme_ferreira_melo_aruja_2024.html
CRISTIANE ARAUJO PEDRO DE OLIVEIRA,PROFESSORA CRIS,PSD,ARUJÁ,2024,664,https://quadrifysa.github.io/mapasquadrify/mapas-gerados/vereadores_malu_fernandes/vereadores_malu_fernandes_cristiane_araujo_pedro_de_oliveira_aruja_2024.html
DANILO DA SILVA SANTOS,PROFESSOR DANILO,PSD,ARUJÁ,2024,2005,https://quadrifysa.github.io/mapasquadrify/mapas-gerados/vereadores_malu_fernandes/vereadores_malu_fernandes_danilo_da_silva_santos_aruja_2024.html
LEANDRO FRANCO LARINI,LEANDRO LARINI,PL,ARUJÁ,2024,1251,https://quadrifysa.github.io/mapasquadrify/mapas-gerados/vereadores_malu_fernandes/vereadores_malu_fernandes_leandro_franco_larini_aruja_2024.html
PAULO HENRIQUE MAIOLINO,PAULINHO MAIOLINO,PSD,ARUJÁ,2024,798,https://quadrifysa.github.io/mapasquadrify/mapas-gerados/vereadores_malu_fernandes/vereadores_malu_fernandes_paulo_henrique_maiolino_aruja_2024.html
ROBERTO DANIEL DUARTE,RENAN DE ARUJA,PODE,ARUJÁ,2024,363,https://quadrifysa.github.io/mapasquadrify/mapas-gerados/vereadores_malu_fernandes/vereadores_malu_fernandes_roberto_daniel_duarte_aruja_2024.html
ROBERTO MARQUES DA SILVA,ROBERTO MARQUES ROBERTINHO,PSD,ARUJÁ,2024,857,https://quadrifysa.github.io/mapasquadrify/mapas-gerados/vereadores_malu_fernandes/vereadores_malu_fernandes_roberto_marques_da_silva_aruja_2024.html
TIAGO SOUZA SANTANA,TIAGO URSÃO,MDB,ARUJÁ,2024,557,https://quadrifysa.github.io/mapasquadrify/mapas-gerados/vereadores_malu_fernandes/vereadores_malu_fernandes_tiago_souza_santana_aruja_2024.html
GENIVALDO LEITE DA CUNHA,CUNHA,DC,BIRITIBA MIRIM,2024,203,https://quadrifysa.github.io/mapasquadrify/mapas-gerados/vereadores_malu_fernandes/vereadores_malu_fernandes_genivaldo_leite_da_cunha_biritiba_mirim_2024.html
JUNIEL DA COSTA CAMILO,JUKA,PL,BIRITIBA MIRIM,2024,278,https://quadrifysa.github.io/mapasquadrify/mapas-gerados/vereadores_malu_fernandes/vereadores_malu_fernandes_juniel_da_costa_camilo_biritiba_mirim_2024.html
LUCILÉIA DAMASCENA SANTOS,LUCILÉIA DO VALDIVINO,PODE,BIRITIBA MIRIM,2024,404,https://quadrifysa.github.io/mapasquadrify/mapas-gerados/vereadores_malu_fernandes/vereadores_malu_fernandes_lucileia_damascena_santos_biritiba_mirim_2024.html
MARCOS PAULO DE ALMEIDA,MARQUINHOS TUCANINHO,PL,BIRITIBA MIRIM,2024,367,https://quadrifysa.github.io/mapasquadrify/mapas-gerados/vereadores_malu_fernandes/vereadores_malu_fernandes_marcos_paulo_de_almeida_biritiba_mirim_2024.html
THÁIS BARROS MOLINA,THÁIS RAPOSINHA,PL,BIRITIBA MIRIM,2024,480,https://quadrifysa.github.io/mapasquadrify/mapas-gerados/vereadores_malu_fernandes/vereadores_malu_fernandes_thais_barros_molina_biritiba_mirim_2024.html
ANDRÉ LUIZ DE ARAÚJO,DEDÉ DA VILA,PP,CACHOEIRA PAULISTA,2024,66,https://quadrifysa.github.io/mapasquadrify/mapas-gerados/vereadores_malu_fernandes/vereadores_malu_fernandes_andre_luiz_de_araujo_cachoeira_paulista_2024.html
BRUNO DE OLIVEIRA PEREIRA,BRUNO OLIVEIRA,PSD,CACHOEIRA PAULISTA,2024,43,https://quadrifysa.github.io/mapasquadrify/mapas-gerados/vereadores_malu_fernandes/vereadores_malu_fernandes_bruno_de_oliveira_pereira_cachoeira_paulista_2024.html
CARLOS ALBERTO CLEMENTE BUCHOLZ,CARLINHOS DO GESSO,PODE,CACHOEIRA PAULISTA,2024,259,https://quadrifysa.github.io/mapasquadrify/mapas-gerados/vereadores_malu_fernandes/vereadores_malu_fernandes_carlos_alberto_clemente_bucholz_cachoeira_paulista_2024.html
ALEXANDRO SANTOS ALVES SILVA,TETECO ALEXANDRO,MDB,FERRAZ DE VASCONCELOS,2024,1377,https://quadrifysa.github.io/mapasquadrify/mapas-gerados/vereadores_malu_fernandes/vereadores_malu_fernandes_alexandro_santos_alves_silva_ferraz_de_vasconcelos_2024.html
ELIEL DE SOUZA,ELIEL FOX,REPUBLICANOS,FERRAZ DE VASCONCELOS,2024,1489,https://quadrifysa.github.io/mapasquadrify/mapas-gerados/vereadores_malu_fernandes/vereadores_malu_fernandes_eliel_de_souza_ferraz_de_vasconcelos_2024.html
JOÃO BATISTA DE SOUSA,JOÃO PDS,AGIR,FERRAZ DE VASCONCELOS,2024,146,https://quadrifysa.github.io/mapasquadrify/mapas-gerados/vereadores_malu_fernandes/vereadores_malu_fernandes_joao_batista_de_sousa_ferraz_de_vasconcelos_2024.html
RENATO RAMOS DE SOUZA,RENATINHO SE LIGUE,PL,FERRAZ DE VASCONCELOS,2024,1575,https://quadrifysa.github.io/mapasquadrify/mapas-gerados/vereadores_malu_fernandes/vereadores_malu_fernandes_renato_ramos_de_souza_ferraz_de_vasconcelos_2024.html
PEDRO GABRIEL DO PRADO,PEDRINHO,PRTB,GUARAREMA,2024,268,https://quadrifysa.github.io/mapasquadrify/mapas-gerados/vereadores_malu_fernandes/vereadores_malu_fernandes_pedro_gabriel_do_prado_guararema_2024.html
GUILHERME RAFAEL DOS SANTOS JUNQUEIRA REIS,GUILHERME JUNQUEIRA,PMB,GUARATINGUETÁ,2024,10,https://quadrifysa.github.io/mapasquadrify/mapas-gerados/vereadores_malu_fernandes/vereadores_malu_fernandes_guilherme_rafael_dos_santos_junqueira_reis_guaratingueta_2024.html
MARCELO AUGUSTO DE ASSIS,MARCELO DA SANTA CASA,PSD,GUARATINGUETÁ,2024,1546,https://quadrifysa.github.io/mapasquadrify/mapas-gerados/vereadores_malu_fernandes/vereadores_malu_fernandes_marcelo_augusto_de_assis_guaratingueta_2024.html
MARCIO DE OLIVEIRA ALMEIDA,MARCIO ALMEIDA,PL,GUARATINGUETÁ,2024,2792,https://quadrifysa.github.io/mapasquadrify/mapas-gerados/vereadores_malu_fernandes/vereadores_malu_fernandes_marcio_de_oliveira_almeida_guaratingueta_2024.html
PEDRO SANNINI ANDRADE DOS SANTOS,PEDRO SANNINI,PL,GUARATINGUETÁ,2024,1681,https://quadrifysa.github.io/mapasquadrify/mapas-gerados/vereadores_malu_fernandes/vereadores_malu_fernandes_pedro_sannini_andrade_dos_santos_guaratingueta_2024.html
ROSALICE GALVÃO FILIPPO FERNANDES,ROSA FILIPPO,PSD,GUARATINGUETÁ,2024,692,https://quadrifysa.github.io/mapasquadrify/mapas-gerados/vereadores_malu_fernandes/vereadores_malu_fernandes_rosalice_galvao_filippo_fernandes_guaratingueta_2024.html
ORLANDO MAURICIO JUNIOR,MAURÍCIO BRINQUINHO,PT,GUARULHOS,2024,2408,https://quadrifysa.github.io/mapasquadrify/mapas-gerados/vereadores_malu_fernandes/vereadores_malu_fernandes_orlando_mauricio_junior_guarulhos_2024.html
CARLOS ALBERTO DE ANDRADE,CARLÃO DA ILHA,AVANTE,ILHABELA,2024,14,https://quadrifysa.github.io/mapasquadrify/mapas-gerados/vereadores_malu_fernandes/vereadores_malu_fernandes_carlos_alberto_de_andrade_ilhabela_2024.html
GABRIEL AUGUSTO DE OLIVEIRA SOUZA ROCHA,GABRIEL ROCHA,PL,ILHABELA,2024,761,https://quadrifysa.github.io/mapasquadrify/mapas-gerados/vereadores_malu_fernandes/vereadores_malu_fernandes_gabriel_augusto_de_oliveira_souza_rocha_ilhabela_2024.html
NANCI PERES DE ARAUJO ZANATO,NANCI ZANATO,PL,ILHABELA,2024,203,https://quadrifysa.github.io/mapasquadrify/mapas-gerados/vereadores_malu_fernandes/vereadores_malu_fernandes_nanci_peres_de_araujo_zanato_ilhabela_2024.html
THIAGO SOUZA SANTOS,DR THIAGO,REPUBLICANOS,ILHABELA,2024,777,https://quadrifysa.github.io/mapasquadrify/mapas-gerados/vereadores_malu_fernandes/vereadores_malu_fernandes_thiago_souza_santos_ilhabela_2024.html
ARNÔ RIBEIRO NOVAES,ARNÔ CABELEIREIRO,PL,ITAQUAQUECETUBA,2024,2374,https://quadrifysa.github.io/mapasquadrify/mapas-gerados/vereadores_malu_fernandes/vereadores_malu_fernandes_arno_ribeiro_novaes_itaquaquecetuba_2024.html
CESAR DINIZ DE SOUZA,CESINHA DA ASSOCIAÇÃO,PL,ITAQUAQUECETUBA,2024,2389,https://quadrifysa.github.io/mapasquadrify/mapas-gerados/vereadores_malu_fernandes/vereadores_malu_fernandes_cesar_diniz_de_souza_itaquaquecetuba_2024.html
EDSON DE SOUZA MOURA,EDSON MOURA,PL,ITAQUAQUECETUBA,2024,4766,https://quadrifysa.github.io/mapasquadrify/mapas-gerados/vereadores_malu_fernandes/vereadores_malu_fernandes_edson_de_souza_moura_itaquaquecetuba_2024.html
ROQUE LEVI SANTOS TAVARES,DR. ROQUE,PL,ITAQUAQUECETUBA,2024,3564,https://quadrifysa.github.io/mapasquadrify/mapas-gerados/vereadores_malu_fernandes/vereadores_malu_fernandes_roque_levi_santos_tavares_itaquaquecetuba_2024.html
DANIEL MARIANO TEIXEIRA,DANIEL MARIANO,PL,JACAREÍ,2024,1820,https://quadrifysa.github.io/mapasquadrify/mapas-gerados/vereadores_malu_fernandes/vereadores_malu_fernandes_daniel_mariano_teixeira_jacarei_2024.html
JEAN JOSÉ ALMEIDA ARAÚJO,JEAN ARAÚJO,PP,JACAREÍ,2024,1348,https://quadrifysa.github.io/mapasquadrify/mapas-gerados/vereadores_malu_fernandes/vereadores_malu_fernandes_jean_jose_almeida_araujo_jacarei_2024.html
LUIS FLÁVIO DIAS,LUÍS FLÁVIO FLAVINHO,PT,JACAREÍ,2024,887,https://quadrifysa.github.io/mapasquadrify/mapas-gerados/vereadores_malu_fernandes/vereadores_malu_fernandes_luis_flavio_dias_jacarei_2024.html
PAULO LUÍS SANTOS,PAULINHO DO ESPORTE,PODE,JACAREÍ,2024,1167,https://quadrifysa.github.io/mapasquadrify/mapas-gerados/vereadores_malu_fernandes/vereadores_malu_fernandes_paulo_luis_santos_jacarei_2024.html
ROBERTO TARCISO DE ABREU,ROBERTO ABREU,PP,JACAREÍ,2024,1161,https://quadrifysa.github.io/mapasquadrify/mapas-gerados/vereadores_malu_fernandes/vereadores_malu_fernandes_roberto_tarciso_de_abreu_jacarei_2024.html
BRUNO DE CAMARGO EDUARDO,BRUNO CAMARGO,PSD,LORENA,2024,785,https://quadrifysa.github.io/mapasquadrify/mapas-gerados/vereadores_malu_fernandes/vereadores_malu_fernandes_bruno_de_camargo_eduardo_lorena_2024.html
BRUNO LORENA NOGUEIRA DA SILVA,BRUNO LORENA,PSDB,LORENA,2024,1105,https://quadrifysa.github.io/mapasquadrify/mapas-gerados/vereadores_malu_fernandes/vereadores_malu_fernandes_bruno_lorena_nogueira_da_silva_lorena_2024.html
BRUNO RIBEIRO,BRUNINHO RIBEIRO,REPUBLICANOS,LORENA,2024,939,https://quadrifysa.github.io/mapasquadrify/mapas-gerados/vereadores_malu_fernandes/vereadores_malu_fernandes_bruno_ribeiro_lorena_2024.html
CARLOS ALBERTO PEREIRA,BETO PEREIRA,PSD,LORENA,2024,928,https://quadrifysa.github.io/mapasquadrify/mapas-gerados/vereadores_malu_fernandes/vereadores_malu_fernandes_carlos_alberto_pereira_lorena_2024.html
RAFAEL ANDRADE DE MELO,RAFAEL DE MELO,MDB,LORENA,2024,451,https://quadrifysa.github.io/mapasquadrify/mapas-gerados/vereadores_malu_fernandes/vereadores_malu_fernandes_rafael_andrade_de_melo_lorena_2024.html
WALDEMILSON DA SILVA,TÃO,PP,LORENA,2024,666,https://quadrifysa.github.io/mapasquadrify/mapas-gerados/vereadores_malu_fernandes/vereadores_malu_fernandes_waldemilson_da_silva_lorena_2024.html
MAURO LUIS CLAUDINO DE ARAÚJO,MAURO ARAÚJO,MDB,MOGI DAS CRUZES,2024,957,https://quadrifysa.github.io/mapasquadrify/mapas-gerados/vereadores_malu_fernandes/vereadores_malu_fernandes_mauro_luis_claudino_de_araujo_mogi_das_cruzes_2024.html
OSVALDO ANTONIO DA SILVA,OSVALDO SILVA,REPUBLICANOS,MOGI DAS CRUZES,2024,1330,https://quadrifysa.github.io/mapasquadrify/mapas-gerados/vereadores_malu_fernandes/vereadores_malu_fernandes_osvaldo_antonio_da_silva_mogi_das_cruzes_2024.html
PEDRO HIDEKI KOMURA,PEDRO KOMURA,UNIÃO,MOGI DAS CRUZES,2024,982,https://quadrifysa.github.io/mapasquadrify/mapas-gerados/vereadores_malu_fernandes/vereadores_malu_fernandes_pedro_hideki_komura_mogi_das_cruzes_2024.html
EDSON DEMETRIO DE SOUZA,EDSON DEMETRIO,PP,POÁ,2024,696,https://quadrifysa.github.io/mapasquadrify/mapas-gerados/vereadores_malu_fernandes/vereadores_malu_fernandes_edson_demetrio_de_souza_poa_2024.html
EMERSON AMORIM CASSIANO DOS SANTOS,EMERSON DENTINHO,PODE,POÁ,2024,1323,https://quadrifysa.github.io/mapasquadrify/mapas-gerados/vereadores_malu_fernandes/vereadores_malu_fernandes_emerson_amorim_cassiano_dos_santos_poa_2024.html
RAPHAEL BERNARDES GROTHE,DR. RAPHAEL GROTHE,AVANTE,POÁ,2024,840,https://quadrifysa.github.io/mapasquadrify/mapas-gerados/vereadores_malu_fernandes/vereadores_malu_fernandes_raphael_bernardes_grothe_poa_2024.html
RENATO GOMES BARRETO,RENATO DA PADARIA,PODE,POÁ,2024,653,https://quadrifysa.github.io/mapasquadrify/mapas-gerados/vereadores_malu_fernandes/vereadores_malu_fernandes_renato_gomes_barreto_poa_2024.html
ROBERTO DE MELO VIEIRA,BETO MELO,PP,POÁ,2024,502,https://quadrifysa.github.io/mapasquadrify/mapas-gerados/vereadores_malu_fernandes/vereadores_malu_fernandes_roberto_de_melo_vieira_poa_2024.html
ROGERIO OLIVEIRA GOMES,ROGERINHO,PSB,POÁ,2024,850,https://quadrifysa.github.io/mapasquadrify/mapas-gerados/vereadores_malu_fernandes/vereadores_malu_fernandes_rogerio_oliveira_gomes_poa_2024.html
ROGERIO RODRIGUES MATHIAS,PROF. ROGÉRIO MATHIAS,PP,POÁ,2024,927,https://quadrifysa.github.io/mapasquadrify/mapas-gerados/vereadores_malu_fernandes/vereadores_malu_fernandes_rogerio_rodrigues_mathias_poa_2024.html
SAULO TEIXEIRA ALBERTO DA COSTA,DR. SAULO DENTISTA,UNIÃO,POÁ,2024,877,https://quadrifysa.github.io/mapasquadrify/mapas-gerados/vereadores_malu_fernandes/vereadores_malu_fernandes_saulo_teixeira_alberto_da_costa_poa_2024.html
CLAUDINEI JOSE DE OLIVEIRA,NEI DO ZÉ DO ANISIO,MDB,SALESÓPOLIS,2024,268,https://quadrifysa.github.io/mapasquadrify/mapas-gerados/vereadores_malu_fernandes/vereadores_malu_fernandes_claudinei_jose_de_oliveira_salesopolis_2024.html
LOURENÇO FRANCISCO DE OLIVEIRA JUNIOR,LOURENÇO JUNIOR,PODE,SALESÓPOLIS,2024,767,https://quadrifysa.github.io/mapasquadrify/mapas-gerados/vereadores_malu_fernandes/vereadores_malu_fernandes_lourenco_francisco_de_oliveira_junior_salesopolis_2024.html
PAULO CEZAR MONTEIRO,MINEIRO DO RESTAURANTE,PSD,SALESÓPOLIS,2024,241,https://quadrifysa.github.io/mapasquadrify/mapas-gerados/vereadores_malu_fernandes/vereadores_malu_fernandes_paulo_cezar_monteiro_salesopolis_2024.html
ANDERSON CHAGAS REBELO,ANDERSON CUECA,PP,SANTA ISABEL,2024,822,https://quadrifysa.github.io/mapasquadrify/mapas-gerados/vereadores_malu_fernandes/vereadores_malu_fernandes_anderson_chagas_rebelo_santa_isabel_2024.html
CRISTIANO FELIZARDO DA SILVEIRA,CRISTIANO DA ORTOPEDIA,PP,SANTA ISABEL,2024,402,https://quadrifysa.github.io/mapasquadrify/mapas-gerados/vereadores_malu_fernandes/vereadores_malu_fernandes_cristiano_felizardo_da_silveira_santa_isabel_2024.html
JOSE MARTINS DE OLIVEIRA ALVES,ZÉ DA MULA,PODE,SANTA ISABEL,2024,829,https://quadrifysa.github.io/mapasquadrify/mapas-gerados/vereadores_malu_fernandes/vereadores_malu_fernandes_jose_martins_de_oliveira_alves_santa_isabel_2024.html
MARCOS FELIPE DE OLIVEIRA BARBOSA,CANNOR,UNIÃO,SANTA ISABEL,2024,553,https://quadrifysa.github.io/mapasquadrify/mapas-gerados/vereadores_malu_fernandes/vereadores_malu_fernandes_marcos_felipe_de_oliveira_barbosa_santa_isabel_2024.html
OSVALDO PIMENTA DE ALMEIDA JUNIOR,OSVALDO JUNIOR,PODE,SANTA ISABEL,2024,469,https://quadrifysa.github.io/mapasquadrify/mapas-gerados/vereadores_malu_fernandes/vereadores_malu_fernandes_osvaldo_pimenta_de_almeida_junior_santa_isabel_2024.html
REGIANE DE CASTRO,REGIANE PROTETORA,PODE,SANTA ISABEL,2024,516,https://quadrifysa.github.io/mapasquadrify/mapas-gerados/vereadores_malu_fernandes/vereadores_malu_fernandes_regiane_de_castro_santa_isabel_2024.html
ADILSON DOS SANTOS JUNIOR,ADILSON JUNIOR,PP,SANTOS,2024,4286,https://quadrifysa.github.io/mapasquadrify/mapas-gerados/vereadores_malu_fernandes/vereadores_malu_fernandes_adilson_dos_santos_junior_santos_2024.html
CLAUDIA REGINA ALONSO ELIAS PERES,CLAUDIA ALONSO,PODE,SANTOS,2024,1014,https://quadrifysa.github.io/mapasquadrify/mapas-gerados/vereadores_malu_fernandes/vereadores_malu_fernandes_claudia_regina_alonso_elias_peres_santos_2024.html
LINCOLN APARECIDO SOARES DOS REIS,LINCOLN REIS,PODE,SANTOS,2024,5554,https://quadrifysa.github.io/mapasquadrify/mapas-gerados/vereadores_malu_fernandes/vereadores_malu_fernandes_lincoln_aparecido_soares_dos_reis_santos_2024.html
RUI SERGIO GOMES DE ROSIS JUNIOR,RUI DE ROSIS JR.,PL,SANTOS,2024,6404,https://quadrifysa.github.io/mapasquadrify/mapas-gerados/vereadores_malu_fernandes/vereadores_malu_fernandes_rui_sergio_gomes_de_rosis_junior_santos_2024.html
ARTUR YUKIO TAKAYAMA,ARTUR TAKAYAMA,PL,SUZANO,2024,3133,https://quadrifysa.github.io/mapasquadrify/mapas-gerados/vereadores_malu_fernandes/vereadores_malu_fernandes_artur_yukio_takayama_suzano_2024.html
LEANDRO ALVES DE FARIA,LEANDRINHO,PL,SUZANO,2024,7724,https://quadrifysa.github.io/mapasquadrify/mapas-gerados/vereadores_malu_fernandes/vereadores_malu_fernandes_leandro_alves_de_faria_suzano_2024.html
NELSON DOS SANTOS,NELSON DO FADUL,PL,SUZANO,2024,641,https://quadrifysa.github.io/mapasquadrify/mapas-gerados/vereadores_malu_fernandes/vereadores_malu_fernandes_nelson_dos_santos_suzano_2024.html
CARLOS AUGUSTO ABRANCHES,CARLOS ABRANCHES,CIDADANIA,SÃO JOSÉ DOS CAMPOS,2024,7934,https://quadrifysa.github.io/mapasquadrify/mapas-gerados/vereadores_malu_fernandes/vereadores_malu_fernandes_carlos_augusto_abranches_sao_jose_dos_campos_2024.html
FERNANDO LUIZ ISOPPO PETITI,FERNANDO PETITI,PSDB,SÃO JOSÉ DOS CAMPOS,2024,11618,https://quadrifysa.github.io/mapasquadrify/mapas-gerados/vereadores_malu_fernandes/vereadores_malu_fernandes_fernando_luiz_isoppo_petiti_sao_jose_dos_campos_2024.html
JULIANA FRAGA E SILVA DE SOUZA,JULIANA FRAGA,PT,SÃO JOSÉ DOS CAMPOS,2024,7214,https://quadrifysa.github.io/mapasquadrify/mapas-gerados/vereadores_malu_fernandes/vereadores_malu_fernandes_juliana_fraga_e_silva_de_souza_sao_jose_dos_campos_2024.html
ROBERTO DE ASSIS CHAGAS,ROBERTO CHAGAS,PL,SÃO JOSÉ DOS CAMPOS,2024,13482,https://quadrifysa.github.io/mapasquadrify/mapas-gerados/vereadores_malu_fernandes/vereadores_malu_fernandes_roberto_de_assis_chagas_sao_jose_dos_campos_2024.html
THOMAZ HENRIQUE BARBOSA DA SILVA,THOMAZ HENRIQUE,PL,SÃO JOSÉ DOS CAMPOS,2024,12860,https://quadrifysa.github.io/mapasquadrify/mapas-gerados/vereadores_malu_fernandes/vereadores_malu_fernandes_thomaz_henrique_barbosa_da_silva_sao_jose_dos_campos_2024.html
ALESSANDRO GUEDES DOS SANTOS,ALESSANDRO GUEDES,PT,SÃO PAULO,2024,90154,https://quadrifysa.github.io/mapasquadrify/mapas-gerados/vereadores_malu_fernandes/vereadores_malu_fernandes_alessandro_guedes_dos_santos_sao_paulo_2024.html
CAMILO CRISTOFARO MARTINS JÚNIOR,CAMILO CRISTOFARO,PODE,SÃO PAULO,2024,6610,https://quadrifysa.github.io/mapasquadrify/mapas-gerados/vereadores_malu_fernandes/vereadores_malu_fernandes_camilo_cristofaro_martins_junior_sao_paulo_2024.html
GEORGE VATUTIN HATO,GEORGE HATO,MDB,SÃO PAULO,2024,51574,https://quadrifysa.github.io/mapasquadrify/mapas-gerados/vereadores_malu_fernandes/vereadores_malu_fernandes_george_vatutin_hato_sao_paulo_2024.html
GILBERTO NASCIMENTO SILVA JUNIOR,GILBERTO NASCIMENTO,PL,SÃO PAULO,2024,6136,https://quadrifysa.github.io/mapasquadrify/mapas-gerados/vereadores_malu_fernandes/vereadores_malu_fernandes_gilberto_nascimento_silva_junior_sao_paulo_2024.html
ISAC FELIX DOS SANTOS,ISAC FÉLIX,PL,SÃO PAULO,2024,83058,https://quadrifysa.github.io/mapasquadrify/mapas-gerados/vereadores_malu_fernandes/vereadores_malu_fernandes_isac_felix_dos_santos_sao_paulo_2024.html
JANAINA CARLA DE LIMA,JANAINA LIMA,PP,SÃO PAULO,2024,3612,https://quadrifysa.github.io/mapasquadrify/mapas-gerados/vereadores_malu_fernandes/vereadores_malu_fernandes_janaina_carla_de_lima_sao_paulo_2024.html
JOAO JORGE DE SOUZA,JOÃO JORGE,MDB,SÃO PAULO,2024,33382,https://quadrifysa.github.io/mapasquadrify/mapas-gerados/vereadores_malu_fernandes/vereadores_malu_fernandes_joao_jorge_de_souza_sao_paulo_2024.html
MARCELO MESSIAS DOS SANTOS COSTA,MARCELO MESSIAS,MDB,SÃO PAULO,2024,51898,https://quadrifysa.github.io/mapasquadrify/mapas-gerados/vereadores_malu_fernandes/vereadores_malu_fernandes_marcelo_messias_dos_santos_costa_sao_paulo_2024.html
RINALDI CESAR DIGILIO,RINALDI DIGILIO,UNIÃO,SÃO PAULO,2024,18248,https://quadrifysa.github.io/mapasquadrify/mapas-gerados/vereadores_malu_fernandes/vereadores_malu_fernandes_rinaldi_cesar_digilio_sao_paulo_2024.html
RUBENS ALBERTO GATTI NUNES,RUBINHO NUNES,UNIÃO,SÃO PAULO,2024,115062,https://quadrifysa.github.io/mapasquadrify/mapas-gerados/vereadores_malu_fernandes/vereadores_malu_fernandes_rubens_alberto_gatti_nunes_sao_paulo_2024.html
SANSÃO PEREIRA FILHO,SANSÃO PEREIRA,REPUBLICANOS,SÃO PAULO,2024,50114,https://quadrifysa.github.io/mapasquadrify/mapas-gerados/vereadores_malu_fernandes/vereadores_malu_fernandes_sansao_pereira_filho_sao_paulo_2024.html
DANIEL SIMÕES DA COSTA,DANIEL SIMÕES,PP,SÃO SEBASTIÃO,2024,878,https://quadrifysa.github.io/mapasquadrify/mapas-gerados/vereadores_malu_fernandes/vereadores_malu_fernandes_daniel_simoes_da_costa_sao_sebastiao_2024.html
EDIVALDO PEREIRA CAMPOS,TEIMOSO,PSB,SÃO SEBASTIÃO,2024,835,https://quadrifysa.github.io/mapasquadrify/mapas-gerados/vereadores_malu_fernandes/vereadores_malu_fernandes_edivaldo_pereira_campos_sao_sebastiao_2024.html
PEDRO RENATO DA SILVA,RENATO,PSDB,SÃO SEBASTIÃO,2024,1411,https://quadrifysa.github.io/mapasquadrify/mapas-gerados/vereadores_malu_fernandes/vereadores_malu_fernandes_pedro_renato_da_silva_sao_sebastiao_2024.html
WAGNER TEIXEIRA DE OLIVEIRA,WAGNER TEIXEIRA,UNIÃO,SÃO SEBASTIÃO,2024,571,https://quadrifysa.github.io/mapasquadrify/mapas-gerados/vereadores_malu_fernandes/vereadores_malu_fernandes_wagner_teixeira_de_oliveira_sao_sebastiao_2024.html
ARIEL PEREIRA KATZ,ARIEL KATZ,PDT,TAUBATÉ,2024,3830,https://quadrifysa.github.io/mapasquadrify/mapas-gerados/vereadores_malu_fernandes/vereadores_malu_fernandes_ariel_pereira_katz_taubate_2024.html
DIEGO FONSECA NASCIMENTO,DIEGO FONSECA,PL,TAUBATÉ,2024,8844,https://quadrifysa.github.io/mapasquadrify/mapas-gerados/vereadores_malu_fernandes/vereadores_malu_fernandes_diego_fonseca_nascimento_taubate_2024.html
JOÃO HENRIQUE DE MORAES RAMOS,JOÃO HENRIQUE DENTINHO,PP,TAUBATÉ,2024,1748,https://quadrifysa.github.io/mapasquadrify/mapas-gerados/vereadores_malu_fernandes/vereadores_malu_fernandes_joao_henrique_de_moraes_ramos_taubate_2024.html
RICHARDSON RAMOS DE SOUSA,RICHARDSON DA PADARIA,UNIÃO,TAUBATÉ,2024,2456,https://quadrifysa.github.io/mapasquadrify/mapas-gerados/vereadores_malu_fernandes/vereadores_malu_fernandes_richardson_ramos_de_sousa_taubate_2024.html
